Board,Level,Subject,Spec_Code,Year_Version,Status,Filename,Source_URL,Download_Date,Notes
AQA,A_Level,Mathematics,7357,2017,CURRENT,AQA_ALEVEL_Mathematics_7357_2017_CURRENT.pdf,https://filestore.aqa.org.uk/resources/mathematics/specifications/AQA-7357-SP-2017.PDF,2026-06-13,SKIPPED_EXISTS
AQA,GCSE,Mathematics,8300,2015,CURRENT,AQA_GCSE_Mathematics_8300_2015_CURRENT.pdf,https://filestore.aqa.org.uk/resources/mathematics/specifications/AQA-8300-SP-2015.PDF,2026-06-13,SKIPPED_EXISTS
Edexcel,A_Level,Mathematics,9MA0,2017,CURRENT,EDEXCEL_ALEVEL_Mathematics_9MA0_2017_CURRENT.pdf,https://qualifications.pearson.com/content/dam/pdf/A Level/Mathematics/2017/specification-and-sample-assesment/a-level-l3-mathematics-specification-issue4.pdf,2026-06-13,SKIPPED_EXISTS
Edexcel,GCSE,Mathematics,1MA1,2015,CURRENT,EDEXCEL_GCSE_Mathematics_1MA1_2015_CURRENT.pdf,https://qualifications.pearson.com/content/dam/pdf/GCSE/mathematics/2015/specification-and-sample-assesment/gcse-maths-2015-specification.pdf,2026-06-13,SKIPPED_EXISTS
OCR,A_Level,Mathematics,H240,2017,CURRENT,OCR_ALEVEL_Mathematics_H240_2017_CURRENT.pdf,https://www.ocr.org.uk/Images/308723-specification-accredited-a-level-gce-mathematics-a-h240.pdf,2026-06-13,SKIPPED_EXISTS
OCR,GCSE,Mathematics,J560,2015,CURRENT,OCR_GCSE_Mathematics_J560_2015_CURRENT.pdf,https://www.ocr.org.uk/Images/168982-specification-gcse-mathematics.pdf,2026-06-13,SKIPPED_EXISTS
IB,Diploma_Programme,Mathematics,DP SL/HL (Analysis and Approaches),2021,CURRENT,IB_IBDP_Mathematics_DP-SL-HL-Analysis-and-Approaches_2021_CURRENT.pdf,https://ibo.org/globalassets/new-structure/university-admission/pdfs/subject-guides/mathematics-analysis-approaches-guide.pdf,2026-06-13,OK (4792 KB)
AQA,A_Level,Psychology,7182,2015,CURRENT,AQA_ALEVEL_Psychology_7182_2015_CURRENT.pdf,https://filestore.aqa.org.uk/resources/psychology/specifications/AQA-7181-7182-SP-2015.PDF,2026-06-13,SKIPPED_EXISTS
AQA,GCSE,Psychology,8182,2017,CURRENT,AQA_GCSE_Psychology_8182_2017_CURRENT.pdf,https://filestore.aqa.org.uk/resources/psychology/specifications/AQA-8182-SP-2017.PDF,2026-06-13,SKIPPED_EXISTS
Edexcel,A_Level,Psychology,9PS0,2015,CURRENT,EDEXCEL_ALEVEL_Psychology_9PS0_2015_CURRENT.pdf,https://qualifications.pearson.com/content/dam/pdf/A Level/Psychology/2015/specification-and-sample-assessments/al-specification-psychology.pdf,2026-06-13,SKIPPED_EXISTS
Edexcel,GCSE,Psychology,1PY0,2017,CURRENT,EDEXCEL_GCSE_Psychology_1PY0_2017_CURRENT.pdf,https://qualifications.pearson.com/content/dam/pdf/GCSE/Psychology/2017/Specification%20and%20sample%20assessments/gcse-psychology-specification.pdf,2026-06-13,SKIPPED_EXISTS
OCR,A_Level,Psychology,H567,2015,CURRENT,OCR_ALEVEL_Psychology_H567_2015_CURRENT.pdf,https://www.ocr.org.uk/Images/171732-specification-accredited-a-level-gce-psychology-h567.pdf,2026-06-13,SKIPPED_EXISTS
OCR,GCSE,Psychology,J203,2017,CURRENT,OCR_GCSE_Psychology_J203_2017_CURRENT.pdf,https://www.ocr.org.uk/Images/309306-specification-accredited-gcse-psychology-j203.pdf,2026-06-13,SKIPPED_EXISTS
IB,Diploma_Programme,Psychology,DP SL/HL,2027,CURRENT,IB_IBDP_Psychology_DP-SL-HL_2027_CURRENT.pdf,https://ibo.org/globalassets/new-structure/university-admission/pdfs/subject-guides/psychology-first-assessment-2027-guide-sbs.pdf,2026-06-13,OK (3241 KB)
AQA,A_Level,Biology,7402,2015,CURRENT,AQA_ALEVEL_Biology_7402_2015_CURRENT.pdf,https://filestore.aqa.org.uk/resources/biology/specifications/AQA-7401-7402-SP-2015.PDF,2026-06-13,SKIPPED_EXISTS
AQA,GCSE,Biology,8461,2016,CURRENT,AQA_GCSE_Biology_8461_2016_CURRENT.pdf,https://filestore.aqa.org.uk/resources/biology/specifications/AQA-8461-SP-2016.PDF,2026-06-13,SKIPPED_EXISTS
Edexcel,A_Level,Biology,9BI0,2015,CURRENT,EDEXCEL_ALEVEL_Biology_9BI0_2015_CURRENT.pdf,https://qualifications.pearson.com/content/dam/pdf/A Level/biology-b/2015/specification-and-sample-assessment-materials/9781446930892-gce2015-a-biob-spec.pdf,2026-06-13,SKIPPED_EXISTS
Edexcel,GCSE,Biology,1BI0,2016,CURRENT,EDEXCEL_GCSE_Biology_1BI0_2016_CURRENT.pdf,https://qualifications.pearson.com/content/dam/pdf/GCSE/Science/2016/Specification/gcse-biology-spec.pdf,2026-06-13,SKIPPED_EXISTS
OCR,A_Level,Biology,H420,2023,CURRENT,OCR_ALEVEL_Biology_H420_2023_CURRENT.pdf,https://www.ocr.org.uk/Images/687834-download-a-level-specification.pdf,2026-06-13,SKIPPED_EXISTS
OCR,A_Level,Biology,H420,2015,LEGACY,OCR_ALEVEL_Biology_H420_2015_LEGACY.pdf,https://www.ocr.org.uk/Images/171736-download-a-level-specification-final-assessment-2024.pdf,2026-06-13,SKIPPED_EXISTS
OCR,GCSE,Biology,J257,2016,CURRENT,OCR_GCSE_Biology_J257_2016_CURRENT.pdf,https://www.ocr.org.uk/Images/234595-specification-accredited-gcse-twenty-first-century-science-suite-biology-b-j257.pdf,2026-06-13,SKIPPED_EXISTS
IB,Diploma_Programme,Biology,DP SL/HL,2025,CURRENT,IB_IBDP_Biology_DP-SL-HL_2025_CURRENT.pdf,https://ibo.org/globalassets/new-structure/university-admission/pdfs/subject-guides/biology-guide.pdf,2026-06-13,OK (4841 KB)
AQA,A_Level,Chemistry,7405,2015,CURRENT,AQA_ALEVEL_Chemistry_7405_2015_CURRENT.pdf,https://filestore.aqa.org.uk/resources/chemistry/specifications/AQA-7404-7405-SP-2015.PDF,2026-06-13,SKIPPED_EXISTS
AQA,GCSE,Chemistry,8462,2016,CURRENT,AQA_GCSE_Chemistry_8462_2016_CURRENT.pdf,https://filestore.aqa.org.uk/resources/chemistry/specifications/AQA-8462-SP-2016.PDF,2026-06-13,SKIPPED_EXISTS
Edexcel,A_Level,Chemistry,9CH0,2015,CURRENT,EDEXCEL_ALEVEL_Chemistry_9CH0_2015_CURRENT.pdf,https://qualifications.pearson.com/content/dam/pdf/A Level/Chemistry/2015/Specification and sample assessments/a-level-chemistry-2015-specification.pdf,2026-06-13,SKIPPED_EXISTS
Edexcel,GCSE,Chemistry,1CH0,2016,CURRENT,EDEXCEL_GCSE_Chemistry_1CH0_2016_CURRENT.pdf,https://qualifications.pearson.com/content/dam/pdf/GCSE/Science/2016/Specification/gcse-chemistry-spec.pdf,2026-06-13,SKIPPED_EXISTS
OCR,A_Level,Chemistry,H432,2015,CURRENT,OCR_ALEVEL_Chemistry_H432_2015_CURRENT.pdf,https://www.ocr.org.uk/Images/171720-specification-accredited-a-level-gce-chemistry-a-h432.pdf,2026-06-13,SKIPPED_EXISTS
OCR,GCSE,Chemistry,J258,2016,CURRENT,OCR_GCSE_Chemistry_J258_2016_CURRENT.pdf,https://www.ocr.org.uk/Images/234599-specification-accredited-gcse-twenty-first-century-science-suite-chemistry-b-j258.pdf,2026-06-13,SKIPPED_EXISTS
IB,Diploma_Programme,Chemistry,DP SL/HL,2025,CURRENT,IB_IBDP_Chemistry_DP-SL-HL_2025_CURRENT.pdf,https://ibo.org/globalassets/new-structure/university-admission/pdfs/subject-guides/chemistry-guide.pdf,2026-06-13,OK (4877 KB)
AQA,A_Level,Further_Mathematics,7367,2017,CURRENT,AQA_ALEVEL_Further_Mathematics_7367_2017_CURRENT.pdf,https://filestore.aqa.org.uk/resources/mathematics/specifications/AQA-7367-SP-2017.PDF,2026-06-13,SKIPPED_EXISTS
AQA,GCSE,Further_Mathematics,8365,2018,CURRENT,AQA_GCSE_Further_Mathematics_8365_2018_CURRENT.pdf,https://filestore.aqa.org.uk/resources/mathematics/specifications/AQA-8365-SP-2018.PDF,2026-06-13,SKIPPED_EXISTS
Edexcel,A_Level,Further_Mathematics,9FM0,2017,CURRENT,EDEXCEL_ALEVEL_Further_Mathematics_9FM0_2017_CURRENT.pdf,https://qualifications.pearson.com/content/dam/pdf/A Level/Mathematics/2017/specification-and-sample-assesment/a-level-l3-further-mathematics-specification.pdf,2026-06-13,SKIPPED_EXISTS
Edexcel,GCSE,Further_Mathematics,N/A,,CURRENT,,,2026-06-13,NOT_FOUND: not offered by this board at this level
OCR,A_Level,Further_Mathematics,H245,2017,CURRENT,OCR_ALEVEL_Further_Mathematics_H245_2017_CURRENT.pdf,https://www.ocr.org.uk/Images/308752-specification-accredited-a-level-gce-further-mathematics-a-h245.pdf,2026-06-13,SKIPPED_EXISTS
OCR,GCSE,Further_Mathematics,N/A,,CURRENT,,,2026-06-13,NOT_FOUND: not offered by this board at this level
IB,Diploma_Programme,Further_Mathematics,"DP HL (Further Mathematics, discontinued)",2014,LEGACY,IB_IBDP_Further_Mathematics_DP-HL-Further-Mathematics-discontinued_2014_LEGACY.pdf,https://www.cuny.edu/wp-content/uploads/sites/4/page-assets/about/administration/offices/registrar/resources/international-baccalaureate/IB-Further-Mathematics.pdf,2026-06-13,OK (1341 KB)
AQA,A_Level,History,7042,2015,CURRENT,AQA_ALEVEL_History_7042_2015_CURRENT.pdf,https://filestore.aqa.org.uk/resources/history/specifications/AQA-7041-7042-SP-2015.PDF,2026-06-13,SKIPPED_EXISTS
AQA,GCSE,History,8145,2016,CURRENT,AQA_GCSE_History_8145_2016_CURRENT.pdf,https://filestore.aqa.org.uk/resources/history/specifications/AQA-8145-SP-2016.PDF,2026-06-13,SKIPPED_EXISTS
Edexcel,A_Level,History,9HI0,2015,CURRENT,EDEXCEL_ALEVEL_History_9HI0_2015_CURRENT.pdf,https://qualifications.pearson.com/content/dam/pdf/A Level/History/2015/Specification and sample assessments/9781446914366-gce-2015-a-hist.pdf,2026-06-13,SKIPPED_EXISTS
Edexcel,GCSE,History,1HI0,2016,CURRENT,EDEXCEL_GCSE_History_1HI0_2016_CURRENT.pdf,https://qualifications.pearson.com/content/dam/pdf/GCSE/History/2016/specification-and-sample-assessments/gcse-9-1-history-specification.pdf,2026-06-13,SKIPPED_EXISTS
OCR,A_Level,History,H505,2015,CURRENT,OCR_ALEVEL_History_H505_2015_CURRENT.pdf,https://www.ocr.org.uk/Images/170128-specification-accredited-a-level-gce-history-a-h505.pdf,2026-06-13,SKIPPED_EXISTS
OCR,GCSE,History,J410,2016,CURRENT,OCR_GCSE_History_J410_2016_CURRENT.pdf,https://www.ocr.org.uk/Images/207163-specification-accredited-gcse-history-a-first-teaching-2019-with-first-assessment-2021-j410.pdf,2026-06-13,SKIPPED_EXISTS
IB,Diploma_Programme,History,DP SL/HL,2017,CURRENT,IB_IBDP_History_DP-SL-HL_2017_CURRENT.pdf,https://ibo.org/globalassets/new-structure/university-admission/pdfs/subject-guides/history-guide.pdf,2026-06-13,OK (8392 KB)
AQA,A_Level,Physics,7408,2015,CURRENT,AQA_ALEVEL_Physics_7408_2015_CURRENT.pdf,https://filestore.aqa.org.uk/resources/physics/specifications/AQA-7407-7408-SP-2015.PDF,2026-06-13,SKIPPED_EXISTS
AQA,GCSE,Physics,8463,2016,CURRENT,AQA_GCSE_Physics_8463_2016_CURRENT.pdf,https://filestore.aqa.org.uk/resources/physics/specifications/AQA-8463-SP-2016.PDF,2026-06-13,SKIPPED_EXISTS
Edexcel,A_Level,Physics,9PH0,2015,CURRENT,EDEXCEL_ALEVEL_Physics_9PH0_2015_CURRENT.pdf,https://qualifications.pearson.com/content/dam/pdf/A Level/Physics/2015/Specification and sample assessments/pearsonedexcel-alevel-physics-spec.pdf,2026-06-13,SKIPPED_EXISTS
Edexcel,GCSE,Physics,1PH0,2016,CURRENT,EDEXCEL_GCSE_Physics_1PH0_2016_CURRENT.pdf,https://qualifications.pearson.com/content/dam/pdf/GCSE/Science/2016/Specification/gcse-physics-spec.pdf,2026-06-13,SKIPPED_EXISTS
OCR,A_Level,Physics,H556,2015,CURRENT,OCR_ALEVEL_Physics_H556_2015_CURRENT.pdf,https://www.ocr.org.uk/Images/171726-specification-accredited-a-level-gce-physics-a-h556.pdf,2026-06-13,SKIPPED_EXISTS
OCR,GCSE,Physics,J259,2016,CURRENT,OCR_GCSE_Physics_J259_2016_CURRENT.pdf,https://www.ocr.org.uk/Images/234601-specification-accredited-gcse-twenty-first-century-science-suite-physics-b-j259.pdf,2026-06-13,SKIPPED_EXISTS
IB,Diploma_Programme,Physics,DP SL/HL,2025,CURRENT,IB_IBDP_Physics_DP-SL-HL_2025_CURRENT.pdf,https://ibo.org/globalassets/new-structure/university-admission/pdfs/subject-guides/physics-guide.pdf,2026-06-13,OK (4599 KB)
AQA,A_Level,English_Literature,7712,2015,CURRENT,AQA_ALEVEL_English_Literature_7712_2015_CURRENT.pdf,https://filestore.aqa.org.uk/resources/english/specifications/AQA-7711-7712-SP-2015.PDF,2026-06-13,SKIPPED_EXISTS
AQA,A_Level,English_Literature,7717,2015,CURRENT,AQA_ALEVEL_English_Literature_7717_2015_CURRENT.pdf,https://filestore.aqa.org.uk/resources/english/specifications/AQA-7716-7717-SP-2015.PDF,2026-06-13,SKIPPED_EXISTS
AQA,GCSE,English_Literature,8702,2015,CURRENT,AQA_GCSE_English_Literature_8702_2015_CURRENT.pdf,https://filestore.aqa.org.uk/resources/english/specifications/AQA-8702-SP-2015.PDF,2026-06-13,SKIPPED_EXISTS
Edexcel,A_Level,English_Literature,9ET0,2015,CURRENT,EDEXCEL_ALEVEL_English_Literature_9ET0_2015_CURRENT.pdf,https://qualifications.pearson.com/content/dam/pdf/A Level/English Literature/2015/Specification and sample assessments/gce2015-a-level-eng-lit-spec.pdf,2026-06-13,SKIPPED_EXISTS
Edexcel,GCSE,English_Literature,1ET0,2015,CURRENT,EDEXCEL_GCSE_English_Literature_1ET0_2015_CURRENT.pdf,https://qualifications.pearson.com/content/dam/pdf/GCSE/English%20Literature/2015/specification-and-sample-assesment/9781446914359_GCSE_2015_L12_Englit.pdf,2026-06-13,SKIPPED_EXISTS
OCR,A_Level,English_Literature,H472,2015,CURRENT,OCR_ALEVEL_English_Literature_H472_2015_CURRENT.pdf,https://www.ocr.org.uk/Images/171200-specification-accredited-a-level-gce-english-literature-h472.pdf,2026-06-13,SKIPPED_EXISTS
OCR,GCSE,English_Literature,J352,2015,CURRENT,OCR_GCSE_English_Literature_J352_2015_CURRENT.pdf,https://www.ocr.org.uk/Images/168995-specification-accredited-gcse-english-literature-j352.pdf,2026-06-13,SKIPPED_EXISTS
IB,Diploma_Programme,English_Literature,DP SL/HL (Language A: Literature),2021,CURRENT,IB_IBDP_English_Literature_DP-SL-HL-Language-A-Literature_2021_CURRENT.pdf,https://ibo.org/globalassets/new-structure/university-admission/pdfs/subject-guides/language-a-literature-guide.pdf,2026-06-13,OK (3278 KB)
AQA,A_Level,English_Language,7702,2015,CURRENT,AQA_ALEVEL_English_Language_7702_2015_CURRENT.pdf,https://filestore.aqa.org.uk/resources/english/specifications/AQA-7701-7702-SP-2015.PDF,2026-06-13,SKIPPED_EXISTS
AQA,GCSE,English_Language,8700,2015,CURRENT,AQA_GCSE_English_Language_8700_2015_CURRENT.pdf,https://filestore.aqa.org.uk/resources/english/specifications/AQA-8700-SP-2015.PDF,2026-06-13,SKIPPED_EXISTS
Edexcel,A_Level,English_Language,9EN0,2015,CURRENT,EDEXCEL_ALEVEL_English_Language_9EN0_2015_CURRENT.pdf,https://qualifications.pearson.com/content/dam/pdf/A Level/English Language/2015/Specification and sample assessment/AS-EnglishLanguage-Spec.pdf,2026-06-13,SKIPPED_EXISTS
Edexcel,GCSE,English_Language,1EN0,2015,CURRENT,EDEXCEL_GCSE_English_Language_1EN0_2015_CURRENT.pdf,https://qualifications.pearson.com/content/dam/pdf/GCSE/English%20Language/2015/specification-and-sample-assesment/gcse-2015-englang-spec.pdf,2026-06-13,SKIPPED_EXISTS
OCR,A_Level,English_Language,H470,2015,CURRENT,OCR_ALEVEL_English_Language_H470_2015_CURRENT.pdf,https://www.ocr.org.uk/Images/171195-specification-accredited-a-level-gce-english-language-h470.pdf,2026-06-13,SKIPPED_EXISTS
OCR,GCSE,English_Language,J351,2015,CURRENT,OCR_GCSE_English_Language_J351_2015_CURRENT.pdf,https://www.ocr.org.uk/Images/168996-specification-accredited-gcse-english-language-j351.pdf,2026-06-13,SKIPPED_EXISTS
IB,Diploma_Programme,English_Language,DP SL/HL (Language A: Language and Literature),2021,CURRENT,IB_IBDP_English_Language_DP-SL-HL-Language-A-Language-and-Literature_2021_CURRENT.pdf,https://ibo.org/globalassets/new-structure/university-admission/pdfs/subject-guides/language-a-language-literature-guide.pdf,2026-06-13,OK (3283 KB)
AQA,A_Level,Geography,7037,2016,CURRENT,AQA_ALEVEL_Geography_7037_2016_CURRENT.pdf,https://filestore.aqa.org.uk/resources/geography/specifications/AQA-7037-SP-2016.PDF,2026-06-13,SKIPPED_EXISTS
AQA,GCSE,Geography,8035,2016,CURRENT,AQA_GCSE_Geography_8035_2016_CURRENT.pdf,https://filestore.aqa.org.uk/resources/geography/specifications/AQA-8035-SP-2016.PDF,2026-06-13,SKIPPED_EXISTS
Edexcel,A_Level,Geography,9GE0,2016,CURRENT,EDEXCEL_ALEVEL_Geography_9GE0_2016_CURRENT.pdf,https://qualifications.pearson.com/content/dam/pdf/A Level/Geography/2016/specification-and-sample-assessments/pearson-edexcel-a-level-geography-issue-6.pdf,2026-06-13,SKIPPED_EXISTS
Edexcel,GCSE,Geography,1GA0,2016,CURRENT,EDEXCEL_GCSE_Geography_1GA0_2016_CURRENT.pdf,https://qualifications.pearson.com/content/dam/pdf/GCSE/Geography-A/2016/specification-and-sample-assessments/gcse-2016-l12-geography-a-spec.pdf,2026-06-13,SKIPPED_EXISTS
OCR,A_Level,Geography,H481,2016,CURRENT,OCR_ALEVEL_Geography_H481_2016_CURRENT.pdf,https://www.ocr.org.uk/Images/223012-specification-accredited-a-level-gce-geography-h481.pdf,2026-06-13,SKIPPED_EXISTS
OCR,GCSE,Geography,J383,2016,CURRENT,OCR_GCSE_Geography_J383_2016_CURRENT.pdf,https://www.ocr.org.uk/Images/207306-specification-accredited-gcse-geography-a-j383.pdf,2026-06-13,SKIPPED_EXISTS
IB,Diploma_Programme,Geography,DP SL/HL,2019,CURRENT,IB_IBDP_Geography_DP-SL-HL_2019_CURRENT.pdf,https://ibo.org/globalassets/new-structure/university-admission/pdfs/subject-guides/geography-guide.pdf,2026-06-13,OK (2913 KB)
AQA,A_Level,Sociology,7192,2015,CURRENT,AQA_ALEVEL_Sociology_7192_2015_CURRENT.pdf,https://filestore.aqa.org.uk/resources/sociology/specifications/AQA-7191-7192-SP-2015.PDF,2026-06-13,SKIPPED_EXISTS
AQA,GCSE,Sociology,8192,2017,CURRENT,AQA_GCSE_Sociology_8192_2017_CURRENT.pdf,https://filestore.aqa.org.uk/resources/sociology/specifications/AQA-8192-SP-2017.PDF,2026-06-13,SKIPPED_EXISTS
Edexcel,A_Level,Sociology,N/A,,CURRENT,,,2026-06-13,NOT_FOUND: not offered by this board at this level
Edexcel,GCSE,Sociology,N/A,,CURRENT,,,2026-06-13,NOT_FOUND: not offered by this board at this level
OCR,A_Level,Sociology,H580,2015,CURRENT,OCR_ALEVEL_Sociology_H580_2015_CURRENT.pdf,https://www.ocr.org.uk/Images/170212-specification-accredited-a-level-gce-sociology.pdf,2026-06-13,SKIPPED_EXISTS
OCR,GCSE,Sociology,N/A,,CURRENT,,,2026-06-13,NOT_FOUND: not offered by this board at this level
IB,Diploma_Programme,Sociology,DP SL/HL (Social and Cultural Anthropology - nearest equivalent),2017,CURRENT,,https://ibo.org/programmes/diploma-programme/curriculum/individuals-and-societies/social-and-cultural-anthropology/,2026-06-13,NOT_FOUND: url(s) did not return a valid PDF
AQA,GCSE,Art_and_Design,8201-8206,2016,CURRENT,AQA_GCSE_Art_and_Design_8201-8206_2016_CURRENT.pdf,https://filestore.aqa.org.uk/resources/art-and-design/specifications/AQA-ART-GCSE-SP-2016.PDF,2026-06-13,SKIPPED_EXISTS
AQA,A_Level,Art_and_Design,7201,2015,CURRENT,AQA_ALEVEL_Art_and_Design_7201_2015_CURRENT.pdf,https://cdn.sanity.io/files/p28bar15/green/80577b7e4e6f566866e5ac421ce9cf8f9b444dff.pdf,2026-06-13,SKIPPED_EXISTS
Edexcel,A_Level,Art_and_Design,9AD0,2015,CURRENT,EDEXCEL_ALEVEL_Art_and_Design_9AD0_2015_CURRENT.pdf,https://qualifications.pearson.com/content/dam/pdf/A Level/Art and Design/2015/specification-and-sample-assessment-materials/gce-a-level-art-and-design-specification-issue-4.pdf,2026-06-13,SKIPPED_EXISTS
Edexcel,GCSE,Art_and_Design,1AD0,2016,CURRENT,EDEXCEL_GCSE_Art_and_Design_1AD0_2016_CURRENT.pdf,https://qualifications.pearson.com/content/dam/pdf/GCSE/Art%20and%20Design/2016/specification-and-sample-assessments/specification-gcse-art-design-2016-spec.pdf,2026-06-13,SKIPPED_EXISTS
OCR,A_Level,Art_and_Design,H600,2015,CURRENT,OCR_ALEVEL_Art_and_Design_H600_2015_CURRENT.pdf,https://www.ocr.org.uk/Images/170210-specification-accredited-a-level-gce-art-and-design-h600-h606.pdf,2026-06-13,SKIPPED_EXISTS
OCR,GCSE,Art_and_Design,J170-J176,2016,CURRENT,OCR_GCSE_Art_and_Design_J170-J176_2016_CURRENT.pdf,https://www.ocr.org.uk/Images/220463-specification-accredited-gcse-art-and-design-j170-j176.pdf,2026-06-13,SKIPPED_EXISTS
IB,Diploma_Programme,Art_and_Design,DP SL/HL (Visual Arts),2016,CURRENT,IB_IBDP_Art_and_Design_DP-SL-HL-Visual-Arts_2016_CURRENT.pdf,https://ibo.org/globalassets/new-structure/university-admission/pdfs/subject-guides/visual-arts-guide.pdf,2026-06-13,OK (2657 KB)
AQA,A_Level,Business_Studies,7132,2015,LEGACY,AQA_ALEVEL_Business_Studies_7132_2015_LEGACY.pdf,https://filestore.aqa.org.uk/resources/business/specifications/AQA-7131-7132-SP-2015.PDF,2026-06-13,SKIPPED_EXISTS
AQA,A_Level,Business_Studies,7132,2023,CURRENT,AQA_ALEVEL_Business_Studies_7132_2023_CURRENT.pdf,https://filestore.aqa.org.uk/resources/business/specifications/AQA-7131-7132-SP-2023.PDF,2026-06-13,SKIPPED_EXISTS
AQA,GCSE,Business_Studies,8132,2017,CURRENT,AQA_GCSE_Business_Studies_8132_2017_CURRENT.pdf,https://filestore.aqa.org.uk/resources/business/specifications/AQA-8132-SP-2017.PDF,2026-06-13,SKIPPED_EXISTS
Edexcel,A_Level,Business_Studies,9BS0,2015,CURRENT,EDEXCEL_ALEVEL_Business_Studies_9BS0_2015_CURRENT.pdf,https://qualifications.pearson.com/content/dam/pdf/A Level/Business Studies/2015/specification-and-sample-assessment-materials/9781446914694-gce2015-a-bus-web.pdf,2026-06-13,SKIPPED_EXISTS
Edexcel,GCSE,Business_Studies,1BS0,2017,CURRENT,EDEXCEL_GCSE_Business_Studies_1BS0_2017_CURRENT.pdf,https://qualifications.pearson.com/content/dam/pdf/GCSE/Business/2017/specification-and-sample-assessments/gcse-business-spec-2017.pdf,2026-06-13,SKIPPED_EXISTS
OCR,A_Level,Business_Studies,H431,2015,CURRENT,OCR_ALEVEL_Business_Studies_H431_2015_CURRENT.pdf,https://www.ocr.org.uk/Images/170837-specification-accredited-a-level-gce-business-h431.pdf,2026-06-13,SKIPPED_EXISTS
OCR,GCSE,Business_Studies,J204,2017,CURRENT,OCR_GCSE_Business_Studies_J204_2017_CURRENT.pdf,https://www.ocr.org.uk/Images/304213-specification-accredited-gcse-business-j204.pdf,2026-06-13,SKIPPED_EXISTS
IB,Diploma_Programme,Business_Studies,DP SL/HL (Business Management),2024,CURRENT,IB_IBDP_Business_Studies_DP-SL-HL-Business-Management_2024_CURRENT.pdf,https://ibo.org/globalassets/new-structure/university-admission/pdfs/subject-guides/business-management-guide.pdf,2026-06-13,OK (4781 KB)
AQA,A_Level,Economics,7136,2015,CURRENT,AQA_ALEVEL_Economics_7136_2015_CURRENT.pdf,https://filestore.aqa.org.uk/resources/economics/specifications/AQA-7135-7136-SP-2015.PDF,2026-06-13,SKIPPED_EXISTS
AQA,GCSE,Economics,8136,2017,CURRENT,AQA_GCSE_Economics_8136_2017_CURRENT.pdf,https://filestore.aqa.org.uk/resources/economics/specifications/AQA-8136-SP-2017.PDF,2026-06-13,SKIPPED_EXISTS
Edexcel,A_Level,Economics,9EC0,2015,CURRENT,EDEXCEL_ALEVEL_Economics_9EC0_2015_CURRENT.pdf,https://qualifications.pearson.com/content/dam/pdf/A Level/Economics/2015/teaching-and-learning-materials/Specification_mapping.pdf,2026-06-13,SKIPPED_EXISTS
Edexcel,GCSE,Economics,1EC0,2017,CURRENT,,https://qualifications.pearson.com/en/qualifications/edexcel-gcses/economics-2017.html,2026-06-13,NOT_FOUND: url(s) did not return a valid PDF
OCR,A_Level,Economics,H460,2019,CURRENT,OCR_ALEVEL_Economics_H460_2019_CURRENT.pdf,https://www.ocr.org.uk/Images/536455-specification-accredited-a-level-gce-economics-h460.pdf,2026-06-13,SKIPPED_EXISTS
OCR,GCSE,Economics,J205,2017,CURRENT,OCR_GCSE_Economics_J205_2017_CURRENT.pdf,https://www.ocr.org.uk/Images/306377-specification-accredited-gcse-economics-j205.pdf,2026-06-13,SKIPPED_EXISTS
IB,Diploma_Programme,Economics,DP SL/HL,2022,CURRENT,IB_IBDP_Economics_DP-SL-HL_2022_CURRENT.pdf,https://ibo.org/globalassets/new-structure/university-admission/pdfs/subject-guides/economics-guide.pdf,2026-06-13,OK (4634 KB)
AQA,A_Level,Computer_Science,7517,2015,CURRENT,AQA_ALEVEL_Computer_Science_7517_2015_CURRENT.pdf,https://filestore.aqa.org.uk/resources/computing/specifications/AQA-7516-7517-SP-2015.PDF,2026-06-13,SKIPPED_EXISTS
AQA,GCSE,Computer_Science,8525,2020,CURRENT,AQA_GCSE_Computer_Science_8525_2020_CURRENT.pdf,https://filestore.aqa.org.uk/resources/computing/specifications/AQA-8525-SP-2020.PDF,2026-06-13,SKIPPED_EXISTS
Edexcel,A_Level,Computer_Science,N/A,,CURRENT,,,2026-06-13,NOT_FOUND: not offered by this board at this level
Edexcel,GCSE,Computer_Science,1CP2,2020,CURRENT,EDEXCEL_GCSE_Computer_Science_1CP2_2020_CURRENT.pdf,https://qualifications.pearson.com/content/dam/pdf/GCSE/Computer%20Science/2020/specification-and-sample-assessments/GCSE_L1_L2_Computer_Science_2020_Specification.pdf,2026-06-13,SKIPPED_EXISTS
OCR,A_Level,Computer_Science,H446,2015,CURRENT,OCR_ALEVEL_Computer_Science_H446_2015_CURRENT.pdf,https://www.ocr.org.uk/Images/170844-specification-accredited-a-level-gce-computer-science-h446.pdf,2026-06-13,SKIPPED_EXISTS
OCR,GCSE,Computer_Science,J277,2020,CURRENT,OCR_GCSE_Computer_Science_J277_2020_CURRENT.pdf,https://www.ocr.org.uk/Images/558027-specification-gcse-computer-science-j277.pdf,2026-06-13,SKIPPED_EXISTS
IB,Diploma_Programme,Computer_Science,DP SL/HL,2014,CURRENT,IB_IBDP_Computer_Science_DP-SL-HL_2014_CURRENT.pdf,https://ibo.org/globalassets/new-structure/university-admission/pdfs/subject-guides/computer-science-guide.pdf,2026-06-13,OK (1609 KB)
AQA,A_Level,Religious_Studies,7062,2016,CURRENT,AQA_ALEVEL_Religious_Studies_7062_2016_CURRENT.pdf,https://filestore.aqa.org.uk/resources/rs/specifications/AQA-7062-SP-2016.PDF,2026-06-13,SKIPPED_EXISTS
AQA,GCSE,Religious_Studies,8062,2016,CURRENT,AQA_GCSE_Religious_Studies_8062_2016_CURRENT.pdf,https://filestore.aqa.org.uk/resources/rs/specifications/AQA-8062-SP-2016.PDF,2026-06-13,SKIPPED_EXISTS
AQA,GCSE,Religious_Studies,8061,2016,CURRENT,AQA_GCSE_Religious_Studies_8061_2016_CURRENT.pdf,https://filestore.aqa.org.uk/resources/rs/specifications/AQA-8061-SP-2016.PDF,2026-06-13,SKIPPED_EXISTS
Edexcel,A_Level,Religious_Studies,9RS0,2016,CURRENT,EDEXCEL_ALEVEL_Religious_Studies_9RS0_2016_CURRENT.pdf,https://qualifications.pearson.com/content/dam/pdf/A Level/Religious Studies/2016/Specification and sample assessments/Specification_GCE_A_Level_in_Religious_Studies.pdf,2026-06-13,SKIPPED_EXISTS
Edexcel,GCSE,Religious_Studies,1RA0,2016,CURRENT,EDEXCEL_GCSE_Religious_Studies_1RA0_2016_CURRENT.pdf,https://qualifications.pearson.com/content/dam/pdf/GCSE/Religious%20Studies/2016/Specification%20and%20sample%20assessments/specification-gcse-l1-l2-religious-studies-a-june-2016-draft-4.pdf,2026-06-13,SKIPPED_EXISTS
Edexcel,GCSE,Religious_Studies,1RB0,2016,LEGACY,EDEXCEL_GCSE_Religious_Studies_1RB0_2016_LEGACY.pdf,https://qualifications.pearson.com/content/dam/pdf/GCSE/Religious%20Studies/2016/Specification%20and%20sample%20assessments/specification-gcse-l1-l2-religious-studies-b-june-2016-draft-4.pdf,2026-06-13,SKIPPED_EXISTS
OCR,A_Level,Religious_Studies,H573,2016,CURRENT,OCR_ALEVEL_Religious_Studies_H573_2016_CURRENT.pdf,https://www.ocr.org.uk/Images/242913-specification-accredited-a-level-gce-religious-studies-h573.pdf,2026-06-13,SKIPPED_EXISTS
OCR,GCSE,Religious_Studies,J625,2016,CURRENT,OCR_GCSE_Religious_Studies_J625_2016_CURRENT.pdf,https://www.ocr.org.uk/Images/240547-specification-accredited-gcse-religious-studies-j625.pdf,2026-06-13,SKIPPED_EXISTS
IB,Diploma_Programme,Religious_Studies,"DP SL (World Religions, discontinued)",2011,LEGACY,IB_IBDP_Religious_Studies_DP-SL-World-Religions-discontinued_2011_LEGACY.pdf,https://www.ibo.org/globalassets/new-structure/programmes/dp/pdfs/3_worldreligionssl.pdf,2026-06-13,OK (801 KB)
AQA,A_Level,Spanish,7692,2016,CURRENT,AQA_ALEVEL_Spanish_7692_2016_CURRENT.pdf,https://filestore.aqa.org.uk/resources/spanish/specifications/AQA-7692-SP-2016.PDF,2026-06-13,SKIPPED_EXISTS
AQA,GCSE,Spanish,8698,2016,LEGACY,AQA_GCSE_Spanish_8698_2016_LEGACY.pdf,https://filestore.aqa.org.uk/resources/spanish/specifications/AQA-8698-SP-2016.PDF,2026-06-13,SKIPPED_EXISTS
AQA,GCSE,Spanish,8692,2024,CURRENT,AQA_GCSE_Spanish_8692_2024_CURRENT.pdf,https://filestore.aqa.org.uk/resources/spanish/specifications/AQA-8692-SP-2024.PDF,2026-06-13,SKIPPED_EXISTS
Edexcel,A_Level,Spanish,9SP0,2016,CURRENT,EDEXCEL_ALEVEL_Spanish_9SP0_2016_CURRENT.pdf,https://qualifications.pearson.com/content/dam/pdf/A Level/Spanish/2016/Specification and sample assessments/Specification_GCE_A_level_L3_in_Spanish.pdf,2026-06-13,SKIPPED_EXISTS
Edexcel,GCSE,Spanish,1SP1,2024,CURRENT,EDEXCEL_GCSE_Spanish_1SP1_2024_CURRENT.pdf,https://qualifications.pearson.com/content/dam/pdf/GCSE/Spanish/2024/specification-and-sample-assessments/gq000027-gcse-spanish-specification-2024-issue-2.pdf,2026-06-13,SKIPPED_EXISTS
Edexcel,GCSE,Spanish,1SP0,2016,LEGACY,EDEXCEL_GCSE_Spanish_1SP0_2016_LEGACY.pdf,https://qualifications.pearson.com/content/dam/pdf/GCSE/Spanish/2016/specification-and-sample-assessments/Specification-Pearson-Edexcel-Level-1-Level-2-GCSE-9-1-Spanish.pdf,2026-06-13,SKIPPED_EXISTS
OCR,A_Level,Spanish,N/A,,CURRENT,,,2026-06-13,NOT_FOUND: not offered by this board at this level
OCR,GCSE,Spanish,N/A,,CURRENT,,,2026-06-13,NOT_FOUND: not offered by this board at this level
IB,Diploma_Programme,Spanish,DP SL/HL (Language B),2020,CURRENT,IB_IBDP_Spanish_DP-SL-HL-Language-B_2020_CURRENT.pdf,https://ibo.org/globalassets/new-structure/university-admission/pdfs/subject-guides/language-b-guide.pdf,2026-06-13,OK (2914 KB)
AQA,A_Level,French,7652,2016,CURRENT,AQA_ALEVEL_French_7652_2016_CURRENT.pdf,https://filestore.aqa.org.uk/resources/french/specifications/AQA-7652-SP-2016.PDF,2026-06-13,SKIPPED_EXISTS
AQA,GCSE,French,8658,2016,LEGACY,AQA_GCSE_French_8658_2016_LEGACY.pdf,https://filestore.aqa.org.uk/resources/french/specifications/AQA-8658-SP-2016.PDF,2026-06-13,SKIPPED_EXISTS
AQA,GCSE,French,8652,2024,CURRENT,AQA_GCSE_French_8652_2024_CURRENT.pdf,https://filestore.aqa.org.uk/resources/french/specifications/AQA-8652-SP-2024.pdf,2026-06-13,SKIPPED_EXISTS
Edexcel,A_Level,French,9FR0,2016,CURRENT,EDEXCEL_ALEVEL_French_9FR0_2016_CURRENT.pdf,https://qualifications.pearson.com/content/dam/pdf/A Level/French/2016/Specification and sample assessments/Specification_GCE_A_level_L3_in_French.pdf,2026-06-13,SKIPPED_EXISTS
Edexcel,GCSE,French,1FR1,2024,CURRENT,EDEXCEL_GCSE_French_1FR1_2024_CURRENT.pdf,https://qualifications.pearson.com/content/dam/pdf/GCSE/French/2024/specification-and-sample-assessments/gq000023-gcse-french-specification-2024-issue-2.pdf,2026-06-13,SKIPPED_EXISTS
OCR,A_Level,French,N/A,,CURRENT,,,2026-06-13,NOT_FOUND: not offered by this board at this level
OCR,GCSE,French,N/A,,CURRENT,,,2026-06-13,NOT_FOUND: not offered by this board at this level
IB,Diploma_Programme,French,DP SL/HL (Language B),2020,CURRENT,IB_IBDP_French_DP-SL-HL-Language-B_2020_CURRENT.pdf,https://ibo.org/globalassets/new-structure/university-admission/pdfs/subject-guides/language-b-guide.pdf,2026-06-13,OK (2914 KB)
AQA,A_Level,Politics,7152,2017,CURRENT,AQA_ALEVEL_Politics_7152_2017_CURRENT.pdf,https://filestore.aqa.org.uk/resources/politics/specifications/AQA-7152-SP-2017.PDF,2026-06-13,SKIPPED_EXISTS
Edexcel,A_Level,Politics,9PL0,2017,CURRENT,EDEXCEL_ALEVEL_Politics_9PL0_2017_CURRENT.pdf,https://qualifications.pearson.com/content/dam/pdf/A Level/Politics/2017/Specification and sample assessments/Politics_assessment_guidance.pdf,2026-06-13,SKIPPED_EXISTS
AQA,GCSE,Politics,N/A,,CURRENT,,,2026-06-13,NOT_FOUND: not offered by this board at this level
Edexcel,GCSE,Politics,N/A,,CURRENT,,,2026-06-13,NOT_FOUND: not offered by this board at this level
OCR,A_Level,Politics,N/A,,CURRENT,,,2026-06-13,NOT_FOUND: not offered by this board at this level
OCR,GCSE,Politics,N/A,,CURRENT,,,2026-06-13,NOT_FOUND: not offered by this board at this level
IB,Diploma_Programme,Politics,DP SL/HL (Global Politics),2016,CURRENT,IB_IBDP_Politics_DP-SL-HL-Global-Politics_2016_CURRENT.pdf,https://ibo.org/globalassets/new-structure/university-admission/pdfs/global-politics-hl-2016-en.pdf,2026-06-13,OK (843 KB)
AQA,A_Level,Physical_Education,7582,2016,CURRENT,AQA_ALEVEL_Physical_Education_7582_2016_CURRENT.pdf,https://filestore.aqa.org.uk/resources/pe/specifications/AQA-7582-SP-2016.PDF,2026-06-13,SKIPPED_EXISTS
AQA,GCSE,Physical_Education,8582,2016,CURRENT,AQA_GCSE_Physical_Education_8582_2016_CURRENT.pdf,https://filestore.aqa.org.uk/resources/pe/specifications/AQA-8582-SP-2016.PDF,2026-06-13,SKIPPED_EXISTS
Edexcel,A_Level,Physical_Education,9PE0,2016,CURRENT,EDEXCEL_ALEVEL_Physical_Education_9PE0_2016_CURRENT.pdf,https://qualifications.pearson.com/content/dam/pdf/A Level/Physical Education/2016/Specification and sample assessments/a-level-pe-specification.pdf,2026-06-13,SKIPPED_EXISTS
Edexcel,GCSE,Physical_Education,1PE0,2016,CURRENT,EDEXCEL_GCSE_Physical_Education_1PE0_2016_CURRENT.pdf,https://qualifications.pearson.com/content/dam/pdf/GCSE/Physical%20Education/2016/Specification%20and%20sample%20assessments/GCSE-physical-education-2016-specification.pdf,2026-06-13,SKIPPED_EXISTS
OCR,A_Level,Physical_Education,H555,2016,CURRENT,OCR_ALEVEL_Physical_Education_H555_2016_CURRENT.pdf,https://www.ocr.org.uk/Images/234833-specification-accredited-a-level-gce-physical-education-h555.pdf,2026-06-13,SKIPPED_EXISTS
OCR,GCSE,Physical_Education,J587,2016,CURRENT,OCR_GCSE_Physical_Education_J587_2016_CURRENT.pdf,https://www.ocr.org.uk/Images/234822-specification-accredited-gcse-physical-education-j587.pdf,2026-06-13,SKIPPED_EXISTS
IB,Diploma_Programme,Physical_Education,"DP SL/HL (Sports, Exercise and Health Science)",2024,CURRENT,IB_IBDP_Physical_Education_DP-SL-HL-Sports-Exercise-and-Health-Science_2024_CURRENT.pdf,https://ibo.org/globalassets/new-structure/university-admission/pdfs/subject-guides/sports-exercise-health-science-guide.pdf,2026-06-13,OK (3614 KB)
AQA,A_Level,Music,7272,2016,CURRENT,AQA_ALEVEL_Music_7272_2016_CURRENT.pdf,https://filestore.aqa.org.uk/resources/music/specifications/AQA-7272-SP-2016.PDF,2026-06-13,SKIPPED_EXISTS
AQA,GCSE,Music,8271,2016,CURRENT,AQA_GCSE_Music_8271_2016_CURRENT.pdf,https://filestore.aqa.org.uk/resources/music/specifications/AQA-8271-SP-2016.PDF,2026-06-13,SKIPPED_EXISTS
Edexcel,A_Level,Music,9MU0,2016,CURRENT,EDEXCEL_ALEVEL_Music_9MU0_2016_CURRENT.pdf,https://qualifications.pearson.com/content/dam/pdf/A Level/Music/2016/Specification and sample assessments/Pearson_Edexcel_Level_3_Advanced_GCE_in_Music_9MU0_specification_issue7.pdf,2026-06-13,SKIPPED_EXISTS
Edexcel,GCSE,Music,1MU0,2016,CURRENT,EDEXCEL_GCSE_Music_1MU0_2016_CURRENT.pdf,https://qualifications.pearson.com/content/dam/pdf/GCSE/Music/2016/specification/Pearson_Edexcel_GCSE_9_to_1_in_Music_Specification_issue4.pdf,2026-06-13,SKIPPED_EXISTS
OCR,A_Level,Music,H543,2016,CURRENT,OCR_ALEVEL_Music_H543_2016_CURRENT.pdf,https://www.ocr.org.uk/Images/219397-specification-accredited-a-level-gce-music-h543.pdf,2026-06-13,SKIPPED_EXISTS
OCR,GCSE,Music,J536,2016,CURRENT,OCR_GCSE_Music_J536_2016_CURRENT.pdf,https://www.ocr.org.uk/Images/219378-specification-accredited-gcse-music-j536.pdf,2026-06-13,SKIPPED_EXISTS
IB,Diploma_Programme,Music,DP SL/HL,2020,CURRENT,IB_IBDP_Music_DP-SL-HL_2020_CURRENT.pdf,https://ibo.org/globalassets/new-structure/university-admission/pdfs/subject-guides/music-guide.pdf,2026-06-13,OK (3140 KB)
AQA,A_Level,Drama,7262,2016,CURRENT,AQA_ALEVEL_Drama_7262_2016_CURRENT.pdf,https://filestore.aqa.org.uk/resources/drama/specifications/AQA-7262-SP-2016.PDF,2026-06-13,SKIPPED_EXISTS
AQA,GCSE,Drama,8261,2016,CURRENT,AQA_GCSE_Drama_8261_2016_CURRENT.pdf,https://filestore.aqa.org.uk/resources/drama/specifications/AQA-8261-SP-2016.PDF,2026-06-13,SKIPPED_EXISTS
Edexcel,A_Level,Drama,9DR0,2016,CURRENT,EDEXCEL_ALEVEL_Drama_9DR0_2016_CURRENT.pdf,https://qualifications.pearson.com/content/dam/pdf/A Level/Drama-and-Theatre/2016/Specification and sample assessments/a-level-drama-spec.pdf,2026-06-13,SKIPPED_EXISTS
Edexcel,GCSE,Drama,1DR0,2016,CURRENT,EDEXCEL_GCSE_Drama_1DR0_2016_CURRENT.pdf,https://qualifications.pearson.com/content/dam/pdf/GCSE/Drama/2016/Specification%20and%20sample%20assessments/gcse2016-l12-drama.pdf,2026-06-13,SKIPPED_EXISTS
OCR,A_Level,Drama,H459,2016,CURRENT,OCR_ALEVEL_Drama_H459_2016_CURRENT.pdf,https://www.ocr.org.uk/Images/242650-specification-accredited-a-level-gce-drama-and-theatre-h459.pdf,2026-06-13,SKIPPED_EXISTS
OCR,GCSE,Drama,J316,2016,CURRENT,OCR_GCSE_Drama_J316_2016_CURRENT.pdf,https://www.ocr.org.uk/Images/242630-specification-accredited-gcse-drama-j316.pdf,2026-06-13,SKIPPED_EXISTS
IB,Diploma_Programme,Drama,DP SL/HL (Theatre),2016,CURRENT,IB_IBDP_Drama_DP-SL-HL-Theatre_2016_CURRENT.pdf,https://ibo.org/globalassets/new-structure/university-admission/pdfs/subject-guides/theatre-guide.pdf,2026-06-13,OK (3506 KB)
AQA,A_Level,Design_and_Technology,7552,2017,CURRENT,AQA_ALEVEL_Design_and_Technology_7552_2017_CURRENT.pdf,https://filestore.aqa.org.uk/resources/design-and-technology/specifications/AQA-7552-SP-2017.PDF,2026-06-13,SKIPPED_EXISTS
AQA,GCSE,Design_and_Technology,8552,2017,CURRENT,AQA_GCSE_Design_and_Technology_8552_2017_CURRENT.pdf,https://filestore.aqa.org.uk/resources/design-and-technology/specifications/AQA-8552-SP-2017.PDF,2026-06-13,SKIPPED_EXISTS
Edexcel,A_Level,Design_and_Technology,9DT0,2017,CURRENT,EDEXCEL_ALEVEL_Design_and_Technology_9DT0_2017_CURRENT.pdf,https://qualifications.pearson.com/content/dam/pdf/A Level/Design and Technology - Product Design/2017/specification-and-sample-assessments/Pearson_Edexcel_Level_3_GCE_in_Design_and_Technology_Specification_issue2.pdf,2026-06-13,SKIPPED_EXISTS
Edexcel,GCSE,Design_and_Technology,1DT0,2017,CURRENT,EDEXCEL_GCSE_Design_and_Technology_1DT0_2017_CURRENT.pdf,https://qualifications.pearson.com/content/dam/pdf/GCSE/design-and-technology/2017/specification-and-sample-assessments/Pearson_Edexcel_GCSE_9_to_1_in_Design_and_Technology_Specification_issue3.pdf,2026-06-13,SKIPPED_EXISTS
OCR,A_Level,Design_and_Technology,H404-H406,2017,CURRENT,OCR_ALEVEL_Design_and_Technology_H404-H406_2017_CURRENT.pdf,https://www.ocr.org.uk/Images/304609-specification-accredited-a-level-gce-design-and-technology-h404-h406.pdf,2026-06-13,SKIPPED_EXISTS
OCR,GCSE,Design_and_Technology,J310,2017,CURRENT,OCR_GCSE_Design_and_Technology_J310_2017_CURRENT.pdf,https://www.ocr.org.uk/Images/304658-specification-accredited-gcse-design-and-technology-j310.pdf,2026-06-13,SKIPPED_EXISTS
IB,Diploma_Programme,Design_and_Technology,DP SL/HL,2016,CURRENT,IB_IBDP_Design_and_Technology_DP-SL-HL_2016_CURRENT.pdf,https://www.ibo.org/globalassets/new-structure/programmes/dp/pdfs/design-technology---sl.pdf,2026-06-13,OK (613 KB)
AQA,GCSE,Statistics,8382,2017,CURRENT,AQA_GCSE_Statistics_8382_2017_CURRENT.pdf,https://filestore.aqa.org.uk/resources/mathematics/specifications/AQA-8382-SP-2017.PDF,2026-06-13,SKIPPED_EXISTS
AQA,A_Level,Statistics,7382,,CURRENT,,,2026-06-13,NOT_FOUND: no working pdf_url or page_url
Edexcel,A_Level,Statistics,9ST0,2017,CURRENT,EDEXCEL_ALEVEL_Statistics_9ST0_2017_CURRENT.pdf,https://qualifications.pearson.com/content/dam/pdf/A Level/statistics/2017/Specification and Sample assessment material/a-level-statistics-specification.pdf,2026-06-13,SKIPPED_EXISTS
Edexcel,GCSE,Statistics,1ST0,2017,CURRENT,EDEXCEL_GCSE_Statistics_1ST0_2017_CURRENT.pdf,https://qualifications.pearson.com/content/dam/pdf/GCSE/Statistics/2017/specification-and-sample-assessments/gcse-9-1-statistics-specification.pdf,2026-06-13,SKIPPED_EXISTS
OCR,A_Level,Statistics,N/A,,CURRENT,,,2026-06-13,NOT_FOUND: not offered by this board at this level
OCR,GCSE,Statistics,N/A,,CURRENT,,,2026-06-13,NOT_FOUND: not offered by this board at this level
IB,Diploma_Programme,Statistics,n/a (no IB DP course),2021,CURRENT,,https://www.ibo.org/programmes/diploma-programme/curriculum/mathematics/,2026-06-13,NOT_FOUND: url(s) did not return a valid PDF
AQA,A_Level,Media_Studies,7572,2017,CURRENT,AQA_ALEVEL_Media_Studies_7572_2017_CURRENT.pdf,https://filestore.aqa.org.uk/resources/media-studies/specifications/AQA-7572-SP-2017.PDF,2026-06-13,SKIPPED_EXISTS
AQA,GCSE,Media_Studies,8572,2017,CURRENT,AQA_GCSE_Media_Studies_8572_2017_CURRENT.pdf,https://filestore.aqa.org.uk/resources/media-studies/specifications/AQA-8572-SP-2017.PDF,2026-06-13,SKIPPED_EXISTS
Edexcel,A_Level,Media_Studies,N/A,,CURRENT,,,2026-06-13,NOT_FOUND: not offered by this board at this level
Edexcel,GCSE,Media_Studies,N/A,,CURRENT,,,2026-06-13,NOT_FOUND: not offered by this board at this level
OCR,A_Level,Media_Studies,H409,2023,CURRENT,OCR_ALEVEL_Media_Studies_H409_2023_CURRENT.pdf,https://www.ocr.org.uk/Images/687703-specification-accredited-a-level-gce-media-studies-h409.pdf,2026-06-13,SKIPPED_EXISTS
OCR,GCSE,Media_Studies,J200,2023,CURRENT,OCR_GCSE_Media_Studies_J200_2023_CURRENT.pdf,https://www.ocr.org.uk/Images/687701-specification-accredited-gcse-media-studies-j200.pdf,2026-06-13,SKIPPED_EXISTS
IB,Diploma_Programme,Media_Studies,n/a (no IB DP course; nearest is Film),2019,CURRENT,,https://www.ibo.org/programmes/diploma-programme/curriculum/the-arts/film/,2026-06-13,NOT_FOUND: url(s) did not return a valid PDF
Edexcel,A_Level,Biology,ARCHIVED,2008,LEGACY,EDEXCEL_ALEVEL_Biology_spec-gce-biology_2008_LEGACY.pdf,https://web.archive.org/web/20080908113400id_/http://www.edexcel.com:80/GCE%20Biology%20%20shared/spec-gce-biology.pdf,2026-06-13,OK (7608 KB) [Wayback 2008]
Edexcel,A_Level,Business_Studies,ARCHIVED,2008,LEGACY,EDEXCEL_ALEVEL_Business_Studies_spec-gce-business_2008_LEGACY.pdf,https://web.archive.org/web/20081031025536id_/http://www.edexcel.com:80/migrationdocuments/GCE%20New%20GCE/spec-gce-business.pdf,2026-06-13,OK (2408 KB) [Wayback 2008]
Edexcel,A_Level,Chemistry,ARCHIVED,2008,LEGACY,EDEXCEL_ALEVEL_Chemistry_spec-gce-chemistry_2008_LEGACY.pdf,https://web.archive.org/web/20080908115925id_/http://www.edexcel.com:80/GCE%20Chemistry%20%20shared/spec-gce-chemistry.pdf,2026-06-13,OK (7437 KB) [Wayback 2008]
Edexcel,A_Level,Drama,ARCHIVED,2009,LEGACY,EDEXCEL_ALEVEL_Drama_spec-gce-drama_2009_LEGACY.pdf,https://web.archive.org/web/20090521031325id_/http://www.edexcel.com:80/migrationdocuments/GCE%20New%20GCE/spec-gce-drama.pdf,2026-06-13,OK (2534 KB) [Wayback 2009]
Edexcel,A_Level,Economics,ARCHIVED,2008,LEGACY,EDEXCEL_ALEVEL_Economics_spec-gce-economics_2008_LEGACY.pdf,https://web.archive.org/web/20080920211824id_/http://www.edexcel.com:80/GCE%20Economics%20%20shared/spec-gce-economics.pdf,2026-06-13,OK (4755 KB) [Wayback 2008]
Edexcel,A_Level,English_Literature,ARCHIVED,2008,LEGACY,EDEXCEL_ALEVEL_English_Literature_spec-gce-eng-lit_2008_LEGACY.pdf,https://web.archive.org/web/20080920211848id_/http://www.edexcel.com:80/GCE%20EnglishLit%20%20shared/spec-gce-eng-lit.pdf,2026-06-13,OK (3715 KB) [Wayback 2008]
Edexcel,A_Level,French,ARCHIVED,2009,LEGACY,EDEXCEL_ALEVEL_French_spec-gce-french_2009_LEGACY.pdf,https://web.archive.org/web/20090521074426id_/http://www.edexcel.com:80/migrationdocuments/GCE%20New%20GCE/spec-gce-french.pdf,2026-06-13,OK (2476 KB) [Wayback 2009]
Edexcel,A_Level,Geography,ARCHIVED,2008,LEGACY,EDEXCEL_ALEVEL_Geography_spec-gce-geography_2008_LEGACY.pdf,https://web.archive.org/web/20080920211905id_/http://www.edexcel.com:80/GCE%20Geography%20%20shared/spec-gce-geography.pdf,2026-06-13,OK (2580 KB) [Wayback 2008]
Edexcel,A_Level,History,ARCHIVED,2009,LEGACY,EDEXCEL_ALEVEL_History_spec-gce-history_2009_LEGACY.pdf,https://web.archive.org/web/20090611224911id_/http://www.edexcel.com:80/migrationdocuments/GCE%20New%20GCE/spec-gce-history.pdf,2026-06-13,OK (5674 KB) [Wayback 2009]
Edexcel,A_Level,Mathematics,ARCHIVED,2014,LEGACY,EDEXCEL_ALEVEL_Mathematics_UA035243-GCE-Lin-Maths-Issue-3_2014_LEGACY.pdf,https://web.archive.org/web/20141222133657id_/http://qualifications.pearson.com:80/content/dam/pdf/A%20Level/Mathematics/2013/Specification%20and%20sample%20assessments/UA035243_GCE_Lin_Maths_Issue_3.pdf,2026-06-13,OK (3345 KB) [Wayback 2014]
Edexcel,A_Level,Physics,ARCHIVED,2009,LEGACY,EDEXCEL_ALEVEL_Physics_spec-gce-physics_2009_LEGACY.pdf,https://web.archive.org/web/20090521074506id_/http://www.edexcel.com:80/migrationdocuments/GCE%20New%20GCE/spec-gce-physics.pdf,2026-06-13,OK (7316 KB) [Wayback 2009]
Edexcel,A_Level,Politics,ARCHIVED,2008,LEGACY,EDEXCEL_ALEVEL_Politics_spec-gce-gov-pol_2008_LEGACY.pdf,https://web.archive.org/web/20080913082304id_/http://www.edexcel.com:80/GCE%20Gov%20%20Politics%20%20shared/spec-gce-gov-pol.pdf,2026-06-13,OK (2211 KB) [Wayback 2008]
Edexcel,A_Level,Psychology,ARCHIVED,2009,LEGACY,EDEXCEL_ALEVEL_Psychology_spec-gce-psychology_2009_LEGACY.pdf,https://web.archive.org/web/20091122141017id_/http://www.edexcel.com:80/migrationdocuments/GCE%20New%20GCE/spec-gce-psychology.pdf,2026-06-13,OK (4131 KB) [Wayback 2009]
Edexcel,GCSE,Art_and_Design,ARCHIVED,2011,LEGACY,EDEXCEL_GCSE_Art_and_Design_GCSE-in-Art-and-Design-Key-skills-develo_2011_LEGACY.pdf,https://web.archive.org/web/20110702020309id_/http://www.edexcel.com/migrationdocuments/GCSE%20New%20GCSE/GCSE-in-Art-and-Design-Key-skills-development-suggestions.pdf,2026-06-13,OK (1474 KB) [Wayback 2011]
Edexcel,GCSE,Biology,ARCHIVED,2009,LEGACY,EDEXCEL_GCSE_Biology_IGCSE2009-Biology-4BI0-Specification_2009_LEGACY.pdf,https://web.archive.org/web/20091007214222id_/http://www.edexcel.com:80/migrationdocuments/IGCSE%20New%20IGCSE/IGCSE2009_Biology_(4BI0)_Specification.pdf,2026-06-13,OK (1974 KB) [Wayback 2009]
Edexcel,GCSE,Business_Studies,ARCHIVED,2013,LEGACY,EDEXCEL_GCSE_Business_Studies_GCSE-in-Business-Subjects-Key-skills-dev_2013_LEGACY.pdf,https://web.archive.org/web/20130626020142id_/http://www.edexcel.com:80/migrationdocuments/GCSE%20New%20GCSE/GCSE-in-Business-Subjects-Key-skills-development-suggestions.pdf,2026-06-13,OK (2215 KB) [Wayback 2013]
Edexcel,GCSE,Chemistry,ARCHIVED,2012,LEGACY,EDEXCEL_GCSE_Chemistry_IGCSE-2009-Chemistry-4CH0-Specification-_2012_LEGACY.pdf,https://web.archive.org/web/20120915073727id_/http://www.edexcel.com/migrationdocuments/IGCSE%20New%20IGCSE/IGCSE-2009-Chemistry-4CH0-Specification-ISSUE-2-March09.pdf,2026-06-13,OK (1542 KB) [Wayback 2012]
Edexcel,GCSE,Computer_Science,ARCHIVED,2013,LEGACY,EDEXCEL_GCSE_Computer_Science_Pearson-Edexcel-Level-1-2-GCSE-in-Comput_2013_LEGACY.pdf,https://web.archive.org/web/20130626020510id_/http://www.edexcel.com:80/migrationdocuments/GCSE%20New%20GCSE/Pearson_Edexcel_Level_1-2_GCSE_in_Computer_Science_Specification_v1_with_stamp.pdf,2026-06-13,OK (258 KB) [Wayback 2013]
Edexcel,GCSE,Design_and_Technology,ARCHIVED,2011,LEGACY,EDEXCEL_GCSE_Design_and_Technology_GCSE-in-Design-and-Technology-RMT-Key-sk_2011_LEGACY.pdf,https://web.archive.org/web/20110813221954id_/http://www.edexcel.com:80/migrationdocuments/GCSE%20New%20GCSE/GCSE-in-Design-and-Technology-RMT-Key-skills-development-suggestions.pdf,2026-06-13,OK (1059 KB) [Wayback 2011]
Edexcel,GCSE,Drama,ARCHIVED,,LEGACY,,http://www.edexcel.com/ALL%20GCSE%20from%202009%20documents/spec-GCSE-Drama.pdf,2026-06-13,NOT_FOUND: Wayback candidates failed to download
Edexcel,GCSE,Economics,ARCHIVED,2009,LEGACY,EDEXCEL_GCSE_Economics_IGCSE2009-Economics-4EC0-Specification_2009_LEGACY.pdf,https://web.archive.org/web/20091229160745id_/http://www.edexcel.com:80/migrationdocuments/IGCSE%20New%20IGCSE/IGCSE2009_Economics_(4EC0)_Specification.pdf,2026-06-13,OK (1839 KB) [Wayback 2009]
Edexcel,GCSE,English_Language,ARCHIVED,2013,LEGACY,EDEXCEL_GCSE_English_Language_UG026701-International-GCSE-Anthology-En_2013_LEGACY.pdf,https://web.archive.org/web/20130613015901id_/http://www.edexcel.com:80/migrationdocuments/International%20GCSE%20from%202011/UG026701-International-GCSE-Anthology-English-Lang-spec-A-English-Lit-Issue-2-for-web.pdf,2026-06-13,OK (6976 KB) [Wayback 2013]
Edexcel,GCSE,English_Literature,ARCHIVED,2013,LEGACY,EDEXCEL_GCSE_English_Literature_UG026701-International-GCSE-Anthology-En_2013_LEGACY.pdf,https://web.archive.org/web/20130613015901id_/http://www.edexcel.com:80/migrationdocuments/International%20GCSE%20from%202011/UG026701-International-GCSE-Anthology-English-Lang-spec-A-English-Lit-Issue-2-for-web.pdf,2026-06-13,OK (6976 KB) [Wayback 2013]
Edexcel,GCSE,French,ARCHIVED,,LEGACY,,http://www.edexcel.com/ALL%20GCSE%20from%202009%20documents/spec-GCSE-French.pdf,2026-06-13,NOT_FOUND: Wayback candidates failed to download
Edexcel,GCSE,Geography,ARCHIVED,2011,LEGACY,EDEXCEL_GCSE_Geography_GCSE-in-Geography-B-Key-skills-developme_2011_LEGACY.pdf,https://web.archive.org/web/20110702002525id_/http://www.edexcel.com/migrationdocuments/GCSE%20New%20GCSE/GCSE-in-Geography-B-Key-skills-development-suggestions.pdf,2026-06-13,OK (3947 KB) [Wayback 2011]
Edexcel,GCSE,History,ARCHIVED,2011,LEGACY,EDEXCEL_GCSE_History_GCSE-in-History-B-2HB01-Key-skills-devel_2011_LEGACY.pdf,https://web.archive.org/web/20110702002746id_/http://www.edexcel.com/migrationdocuments/GCSE%20New%20GCSE/GCSE-in-History-B-2HB01-Key-skills-development-suggestions.pdf,2026-06-13,OK (4778 KB) [Wayback 2011]
Edexcel,GCSE,Mathematics,ARCHIVED,2014,LEGACY,EDEXCEL_GCSE_Mathematics_UG029981-GCSE-MathsA-Spec-2012_2014_LEGACY.pdf,https://web.archive.org/web/20141222133814id_/http://qualifications.pearson.com:80/content/dam/pdf/GCSE/Mathematics%20A/2010/Specification%20and%20sample%20assessments/UG029981_GCSE_MathsA_Spec_2012.pdf,2026-06-13,OK (2617 KB) [Wayback 2014]
Edexcel,GCSE,Music,ARCHIVED,2011,LEGACY,EDEXCEL_GCSE_Music_GCSE-Music-Spec-issue-2-for-web_2011_LEGACY.pdf,https://web.archive.org/web/20110702003130id_/http://www.edexcel.com/migrationdocuments/GCSE%20New%20GCSE/GCSE-Music-Spec-issue-2-for-web.pdf,2026-06-13,OK (960 KB) [Wayback 2011]
Edexcel,GCSE,Psychology,ARCHIVED,2013,LEGACY,EDEXCEL_GCSE_Psychology_GCSE-Psychology-Spec-2012_2013_LEGACY.pdf,https://web.archive.org/web/20130228182602id_/http://www.edexcel.com:80/migrationdocuments/GCSE%20New%20GCSE/GCSE_Psychology_Spec-2012.pdf,2026-06-13,OK (1480 KB) [Wayback 2013]
Edexcel,GCSE,Religious_Studies,ARCHIVED,2010,LEGACY,EDEXCEL_GCSE_Religious_Studies_GCSE-Religious-Studies-Spec-issue-2-web-_2010_LEGACY.pdf,https://web.archive.org/web/20100602044406id_/http://www.edexcel.com:80/migrationdocuments/GCSE%20New%20GCSE/GCSE-Religious-Studies-Spec-issue-2-web-with-covers.pdf,2026-06-13,OK (7083 KB) [Wayback 2010]
Edexcel,GCSE,Spanish,ARCHIVED,,LEGACY,,http://www.edexcel.com/All%20GCSE%20from%202009%20final%20documents/GCSE%202009%20Spanish%20pre-published%20accredited%20Specification.pdf,2026-06-13,NOT_FOUND: Wayback candidates failed to download
Edexcel,GCSE,Statistics,ARCHIVED,2011,LEGACY,EDEXCEL_GCSE_Statistics_184890-Statistics-specification_2011_LEGACY.pdf,https://web.archive.org/web/20110813231430id_/http://www.edexcel.com:80/migrationdocuments/Current%20GCSE/184890_Statistics_specification.pdf,2026-06-13,OK (406 KB) [Wayback 2011]
OCR,A_Level,Art_and_Design,ARCHIVED,2014,LEGACY,OCR_ALEVEL_Art_and_Design_170210-specification-draft-a-level-gce-a_2014_LEGACY.pdf,https://web.archive.org/web/20140707014136id_/http://ocr.org.uk/Images/170210-specification-draft-a-level-gce-art-and-design-h600-h609.pdf,2026-06-13,OK (718 KB) [Wayback 2014]
OCR,A_Level,Biology,ARCHIVED,2014,LEGACY,OCR_ALEVEL_Biology_171714-specification-draft-a-level-biolo_2014_LEGACY.pdf,https://web.archive.org/web/20140831011703id_/http://ocr.org.uk/Images/171714-specification-draft-a-level-biology-b-advancing-biology-h422.pdf,2026-06-13,OK (1680 KB) [Wayback 2014]
OCR,A_Level,Business_Studies,ARCHIVED,2014,LEGACY,OCR_ALEVEL_Business_Studies_170843-specification-draft-as-level-gce-_2014_LEGACY.pdf,https://web.archive.org/web/20140707095659id_/http://ocr.org.uk/Images/170843-specification-draft-as-level-gce-business-h031.pdf,2026-06-13,OK (562 KB) [Wayback 2014]
OCR,A_Level,Chemistry,ARCHIVED,2014,LEGACY,OCR_ALEVEL_Chemistry_171754-specification-draft-as-level-gce-_2014_LEGACY.pdf,https://web.archive.org/web/20141222090910id_/http://www.ocr.org.uk:80/Images/171754-specification-draft-as-level-gce-chemistry-b-salters-h033.pdf,2026-06-13,OK (1067 KB) [Wayback 2014]
OCR,A_Level,Computer_Science,ARCHIVED,2014,LEGACY,OCR_ALEVEL_Computer_Science_170844-specification-draft-a-level-gce-c_2014_LEGACY.pdf,https://web.archive.org/web/20140707052527id_/http://ocr.org.uk/Images/170844-specification-draft-a-level-gce-computer-science-h446.pdf,2026-06-13,OK (1279 KB) [Wayback 2014]
OCR,A_Level,Economics,ARCHIVED,2014,LEGACY,OCR_ALEVEL_Economics_170846-specification-draft-as-level-gce-_2014_LEGACY.pdf,https://web.archive.org/web/20140707013221id_/http://ocr.org.uk/Images/170846-specification-draft-as-level-gce-economics-h060.pdf,2026-06-13,OK (808 KB) [Wayback 2014]
OCR,A_Level,English_Language,ARCHIVED,2014,LEGACY,OCR_ALEVEL_English_Language_171195-specification-draft-a-level-gce-e_2014_LEGACY.pdf,https://web.archive.org/web/20140707092019id_/http://ocr.org.uk/Images/171195-specification-draft-a-level-gce-english-language-h470.pdf,2026-06-13,OK (968 KB) [Wayback 2014]
OCR,A_Level,English_Literature,ARCHIVED,2014,LEGACY,OCR_ALEVEL_English_Literature_171200-specification-draft-a-level-gce-e_2014_LEGACY.pdf,https://web.archive.org/web/20140707055856id_/http://ocr.org.uk/Images/171200-specification-draft-a-level-gce-english-literature-h472.pdf,2026-06-13,OK (1011 KB) [Wayback 2014]
OCR,A_Level,Geography,ARCHIVED,2008,LEGACY,OCR_ALEVEL_Geography_AS-ALevel-GCE-Geography-Specification_2008_LEGACY.pdf,https://web.archive.org/web/20081031072859id_/http://www.ocr.org.uk:80/Data/publications/key_documents/AS_ALevel_GCE_Geography_Specification.pdf,2026-06-13,OK (694 KB) [Wayback 2008]
OCR,A_Level,History,ARCHIVED,2014,LEGACY,OCR_ALEVEL_History_170128-specification-accredited-a-level-_2014_LEGACY.pdf,https://web.archive.org/web/20141222114629id_/http://www.ocr.org.uk:80/Images/170128-specification-accredited-a-level-gce-history-a-h505.pdf,2026-06-13,OK (4700 KB) [Wayback 2014]
OCR,A_Level,Music,ARCHIVED,2009,LEGACY,OCR_ALEVEL_Music_AS-ALevel-GCE-Music-Specification_2009_LEGACY.pdf,https://web.archive.org/web/20090612090845id_/http://www.ocr.org.uk:80/Data/publications/key_documents/AS_ALevel_GCE_Music_Specification.pdf,2026-06-13,OK (984 KB) [Wayback 2009]
OCR,A_Level,Physics,ARCHIVED,2014,LEGACY,OCR_ALEVEL_Physics_171726-specification-draft-a-level-gce-p_2014_LEGACY.pdf,https://web.archive.org/web/20140817100027id_/http://ocr.org.uk/Images/171726-specification-draft-a-level-gce-physics-a-h556.pdf,2026-06-13,OK (2877 KB) [Wayback 2014]
OCR,A_Level,Psychology,ARCHIVED,2014,LEGACY,OCR_ALEVEL_Psychology_171732-specification-draft-a-level-gce-p_2014_LEGACY.pdf,https://web.archive.org/web/20140728014744id_/http://www.ocr.org.uk/Images/171732-specification-draft-a-level-gce-psychology-h567.pdf,2026-06-13,OK (886 KB) [Wayback 2014]
OCR,A_Level,Religious_Studies,ARCHIVED,2008,LEGACY,OCR_ALEVEL_Religious_Studies_A-Level-GCE-Religious-Studies-Specificat_2008_LEGACY.pdf,https://web.archive.org/web/20080913064452id_/http://www.ocr.org.uk:80/Data/publications/key_documents/A_Level_GCE_Religious_Studies_Specification.pdf,2026-06-13,OK (947 KB) [Wayback 2008]
OCR,A_Level,Sociology,ARCHIVED,2014,LEGACY,OCR_ALEVEL_Sociology_170213-specification-draft-as-level-gce-_2014_LEGACY.pdf,https://web.archive.org/web/20140707005731id_/http://ocr.org.uk/Images/170213-specification-draft-as-level-gce-sociology-h180.pdf,2026-06-13,OK (512 KB) [Wayback 2014]
OCR,GCSE,Biology,ARCHIVED,2009,LEGACY,OCR_GCSE_Biology_GCSE-Biology-A-J633-Specification_2009_LEGACY.pdf,https://web.archive.org/web/20090617035502id_/http://www.ocr.org.uk:80/Data/publications/key_documents/GCSE_Biology_A_J633_Specification.pdf,2026-06-13,OK (353 KB) [Wayback 2009]
OCR,GCSE,Chemistry,ARCHIVED,2009,LEGACY,OCR_GCSE_Chemistry_GCSE-TFC-Chemistry-A-Specification_2009_LEGACY.pdf,https://web.archive.org/web/20090521035156id_/http://www.ocr.org.uk:80/Data/publications/key_documents/GCSE_TFC_Chemistry_A_Specification.pdf,2026-06-13,OK (584 KB) [Wayback 2009]
OCR,GCSE,Design_and_Technology,ARCHIVED,2014,LEGACY,OCR_GCSE_Design_and_Technology_71476-gcse-design-and-technology-2009-sp_2014_LEGACY.pdf,https://web.archive.org/web/20140617052003id_/http://www.ocr.org.uk:80/Images/71476-gcse-design-and-technology-2009-specifications-showcase-interactive.pdf,2026-06-13,OK (1553 KB) [Wayback 2014]
OCR,GCSE,Economics,ARCHIVED,2008,LEGACY,OCR_GCSE_Economics_L-GCSE-Economics-Specification_2008_LEGACY.pdf,https://web.archive.org/web/20081031115912id_/http://www.ocr.org.uk:80/Data/publications/key_documents/L_GCSE_Economics_Specification.pdf,2026-06-13,OK (119 KB) [Wayback 2008]
OCR,GCSE,English_Language,ARCHIVED,2014,LEGACY,OCR_GCSE_English_Language_168996-specification-draft-gcse-english-_2014_LEGACY.pdf,https://web.archive.org/web/20140707035454id_/http://ocr.org.uk/Images/168996-specification-draft-gcse-english-language-j351.pdf,2026-06-13,OK (390 KB) [Wayback 2014]
OCR,GCSE,English_Literature,ARCHIVED,2014,LEGACY,OCR_GCSE_English_Literature_168995-specification-accredited-gcse-eng_2014_LEGACY.pdf,https://web.archive.org/web/20141222021252id_/http://www.ocr.org.uk:80/Images/168995-specification-accredited-gcse-english-literature-j352.pdf,2026-06-13,OK (2309 KB) [Wayback 2014]
OCR,GCSE,Mathematics,ARCHIVED,2014,LEGACY,OCR_GCSE_Mathematics_168982-specification-gcse-mathematics-j5_2014_LEGACY.pdf,https://web.archive.org/web/20141225225504id_/http://www.ocr.org.uk:80/Images/168982-specification-gcse-mathematics-j560.pdf,2026-06-13,OK (2049 KB) [Wayback 2014]
OCR,GCSE,Music,ARCHIVED,2006,LEGACY,OCR_GCSE_Music_GCSE-Music4005_2006_LEGACY.pdf,https://web.archive.org/web/20060117171525id_/http://www.ocr.org.uk:80/OCR/WebSite/Data/Publication/Specifications%2c%20Syllabuses%20%26%20Tutors%20Handbooks/GCSE_Music4005.pdf,2026-06-13,OK (172 KB) [Wayback 2006]
OCR,GCSE,Psychology,ARCHIVED,2008,LEGACY,OCR_GCSE_Psychology_L-GCSE-Psychology-Specification_2008_LEGACY.pdf,https://web.archive.org/web/20081031040255id_/http://www.ocr.org.uk:80/Data/publications/key_documents/L_GCSE_Psychology_Specification.pdf,2026-06-13,OK (736 KB) [Wayback 2008]
AQA,A_Level,Biology,2410,2008,LEGACY,AQA_ALEVEL_Biology_2410_2008_LEGACY.pdf,https://web.archive.org/web/20081230081414id_/http://www.aqa.org.uk/qual/gce/pdf/AQA-2410-W-SP-10.PDF,2026-06-13,OK (466 KB) [Wayback 2008 AQA legacy code 2410]
AQA,A_Level,Business_Studies,2140,2008,LEGACY,AQA_ALEVEL_Business_Studies_2140_2008_LEGACY.pdf,https://web.archive.org/web/20081230121353id_/http://www.aqa.org.uk/qual/gce/pdf/AQA-2140-W-SP-10.PDF,2026-06-13,OK (291 KB) [Wayback 2008 AQA legacy code 2140]
AQA,A_Level,Chemistry,2420,2008,LEGACY,AQA_ALEVEL_Chemistry_2420_2008_LEGACY.pdf,https://web.archive.org/web/20081221120246id_/http://www.aqa.org.uk/qual/gce/pdf/AQA-2420-W-SP-10.PDF,2026-06-13,OK (470 KB) [Wayback 2008 AQA legacy code 2420]
AQA,A_Level,Computer_Science,2520,2008,LEGACY,AQA_ALEVEL_Computer_Science_2520_2008_LEGACY.pdf,https://web.archive.org/web/20081209082635id_/http://www.aqa.org.uk/qual/gce/pdf/AQA-2520-W-SP-10.PDF,2026-06-13,OK (303 KB) [Wayback 2008 AQA legacy code 2520]
AQA,A_Level,English_Language,2720,2008,LEGACY,AQA_ALEVEL_English_Language_2720_2008_LEGACY.pdf,https://web.archive.org/web/20081218200728id_/http://www.aqa.org.uk/qual/gce/pdf/AQA-2720-W-SP-10.PDF,2026-06-13,OK (279 KB) [Wayback 2008 AQA legacy code 2720]
AQA,A_Level,Psychology,2185,2008,LEGACY,AQA_ALEVEL_Psychology_2185_2008_LEGACY.pdf,https://web.archive.org/web/20080911110814id_/http://www.aqa.org.uk:80/qual/gce/pdf/AQA-2185-W-SP-10.PDF,2026-06-13,OK (519 KB) [Wayback 2008 AQA legacy code 2185]
